/2018/train/source-images/mackerel/ST21-444-20180513143130344.jpg,560,456,872,893,mackerel
/2018/train/source-images/mackerel/ST7_200-20180507072808791.jpg,54,57,840,314,mackerel
/2018/train/source-images/mackerel/ST7_200-20180507072808791.jpg,657,697,1228,1020,mackerel
/2018/train/source-images/mackerel/ST7_200-20180507072808791.jpg,919,328,1228,625,mackerel
/2018/train/source-images/mackerel/ST7_200-20180507072808791.jpg,672,47,1183,222,mackerel
/2018/train/source-images/mackerel/ST7_200-20180507072808791.jpg,609,20,892,385,mackerel
/2018/train/source-images/mackerel/ST21-514-20180513142454477.jpg,129,12,659,251,mackerel
/2018/train/source-images/mackerel/ST21-514-20180513142454477.jpg,1,8,374,110,mackerel
/2018/train/source-images/mackerel/ST6_9-20180506212823349.jpg,1,380,371,543,mackerel
/2018/train/source-images/mackerel/ST6_9-20180506212823349.jpg,704,330,1088,529,mackerel
/2018/train/source-images/mackerel/ST6_9-20180506212823349.jpg,1129,505,1228,563,mackerel
/2018/train/source-images/mackerel/ST4_779-20180506045757522.jpg,326,632,760,752,mackerel
/2018/train/source-images/mackerel/ST4_779-20180506045757522.jpg,821,137,869,197,lanternfish
/2018/train/source-images/mackerel/ST7_244-20180507072850786.jpg,665,465,1218,634,mackerel
/2018/train/source-images/mackerel/ST7_145-20180507051144951.jpg,59,679,718,940,mackerel
/2018/train/source-images/mackerel/ST2_108-20180504022341713.jpg,141,181,988,554,mackerel
/2018/train/source-images/mackerel/ST6_8-20180506211000630.jpg,847,297,1101,707,mackerel
/2018/train/source-images/mackerel/ST6_8-20180506211000630.jpg,948,103,1228,277,mackerel
/2018/train/source-images/mackerel/ST7_223-20180507062347519.jpg,572,92,1042,228,mackerel
/2018/train/source-images/mackerel/ST21-328-20180513144133659.jpg,323,651,727,921,mackerel
/2018/train/source-images/mackerel/ST21-534-20180513144647594.jpg,1,61,673,361,mackerel
/2018/train/source-images/mackerel/ST7_89-20180507070350797.jpg,481,736,1209,948,mackerel
/2018/train/source-images/mackerel/ST7_252-20180507064628902.jpg,643,254,1025,462,mackerel
/2018/train/source-images/mackerel/ST2_39-20180504014419182.jpg,38,19,562,252,mackerel
/2018/train/source-images/mackerel/ST2_23-20180504023834315.jpg,126,395,677,601,mackerel
/2018/train/source-images/mackerel/ST21-587-20180513144547596.jpg,352,720,904,886,mackerel
/2018/train/source-images/mackerel/ST2_45-20180504020600224.jpg,396,273,650,532,mackerel
/2018/train/source-images/mackerel/ST2_45-20180504020600224.jpg,646,42,1139,250,mackerel
/2018/train/source-images/mackerel/ST2_45-20180504020600224.jpg,1,35,246,142,mackerel
/2018/train/source-images/mackerel/ST2_45-20180504020600224.jpg,1029,92,1228,234,mackerel
/2018/train/source-images/mackerel/ST21-365-20180513144554882.jpg,687,13,1198,247,mackerel
/2018/train/source-images/mackerel/ST21-499-20180513142842425.jpg,426,51,1104,329,mackerel
/2018/train/source-images/mackerel/ST2_5-20180504022505688.jpg,374,514,949,731,mackerel
/2018/train/source-images/mackerel/ST7_195-20180507072825421.jpg,398,281,994,573,mackerel
/2018/train/source-images/mackerel/ST21-538-20180513142219741.jpg,38,206,359,477,mackerel
/2018/train/source-images/mackerel/ST7_174-20180507072849772.jpg,705,88,1193,372,mackerel
/2018/train/source-images/mackerel/ST6_15-20180506212434543.jpg,552,370,990,654,mackerel
/2018/train/source-images/mackerel/ST6_15-20180506212434543.jpg,1,882,132,985,mackerel
/2018/train/source-images/mackerel/ST6_15-20180506212434543.jpg,1106,245,1228,597,mackerel
/2018/train/source-images/mackerel/ST2_68-20180504021038076.jpg,1,718,341,1021,mackerel
/2018/train/source-images/mackerel/ST2_68-20180504021038076.jpg,715,38,1057,327,mackerel
/2018/train/source-images/mackerel/ST2_68-20180504021038076.jpg,660,43,1081,138,mackerel
/2018/train/source-images/mackerel/ST2_3-20180504020603859.jpg,230,78,671,539,mackerel
/2018/train/source-images/mackerel/ST2_3-20180504020603859.jpg,857,66,1228,234,mackerel
/2018/train/source-images/mackerel/ST2_3-20180504020603859.jpg,169,47,673,226,mackerel
/2018/train/source-images/mackerel/ST2_3-20180504020603859.jpg,630,43,1072,144,mackerel
/2018/train/source-images/mackerel/ST2_3-20180504020603859.jpg,126,45,531,137,mackerel
/2018/train/source-images/mackerel/ST7_298-20180507072823798.jpg,129,423,682,735,mackerel
/2018/train/source-images/mackerel/ST7_298-20180507072823798.jpg,522,712,1032,884,mackerel
/2018/train/source-images/mackerel/ST4_539-20180506041404783.jpg,316,486,755,692,mackerel
/2018/train/source-images/mackerel/ST2_66-20180504015845218.jpg,76,572,606,748,mackerel
/2018/train/source-images/mackerel/ST2_66-20180504015845218.jpg,1026,346,1228,739,mackerel
/2018/train/source-images/mackerel/ST7_246-20180507072811630.jpg,171,480,1185,1027,mackerel
/2018/train/source-images/mackerel/ST7_246-20180507072811630.jpg,193,302,1106,746,mackerel
/2018/train/source-images/mackerel/ST7_246-20180507072811630.jpg,1,517,274,626,mackerel
/2018/train/source-images/mackerel/ST21-149-20180513142429112.jpg,1,134,432,271,mackerel
/2018/train/source-images/mackerel/ST21-149-20180513142429112.jpg,673,140,1094,550,mackerel
/2018/train/source-images/mackerel/ST7_294-20180507072851379.jpg,71,593,1132,925,mackerel
/2018/train/source-images/mackerel/ST7_106-20180507072813253.jpg,784,736,1228,1021,mackerel
/2018/train/source-images/mackerel/ST7_106-20180507072813253.jpg,421,406,909,557,mackerel
/2018/train/source-images/mackerel/ST7_106-20180507072813253.jpg,180,88,910,234,mackerel
/2018/train/source-images/mackerel/ST7_725-20180507072913485.jpg,177,768,781,960,mackerel
/2018/train/source-images/mackerel/ST7_725-20180507072913485.jpg,840,530,1228,772,mackerel
/2018/train/source-images/mackerel/ST21-352-20180513144252143.jpg,443,285,689,686,mackerel
/2018/train/source-images/mackerel/ST7_14-20180507064702364.jpg,41,153,377,373,mackerel
/2018/train/source-images/mackerel/ST6_23-20180506212312004.jpg,1,465,318,581,mackerel
/2018/train/source-images/mackerel/ST6_23-20180506212312004.jpg,179,46,879,389,mackerel
/2018/train/source-images/mackerel/ST6_23-20180506212312004.jpg,302,26,712,523,mackerel
/2018/train/source-images/mackerel/ST6_23-20180506212312004.jpg,144,20,560,131,mackerel
/2018/train/source-images/mackerel/ST6_23-20180506212312004.jpg,908,71,1226,293,mackerel
/2018/train/source-images/mackerel/ST6_23-20180506212312004.jpg,885,9,1132,304,mackerel
/2018/train/source-images/mackerel/ST6_23-20180506212312004.jpg,1,5,105,207,mackerel
/2018/train/source-images/mackerel/ST7_93-20180507072752786.jpg,1,240,540,461,mackerel
/2018/train/source-images/mackerel/ST7_93-20180507072752786.jpg,231,556,1226,865,mackerel
/2018/train/source-images/mackerel/ST7_93-20180507072752786.jpg,1,708,1185,1027,mackerel
/2018/train/source-images/mackerel/ST2_71-20180504022440119.jpg,787,143,1135,314,mackerel
/2018/train/source-images/bluewhiting/ST8_139-20180507144503524.jpg,57,84,1006,376,bluewhiting
/2018/train/source-images/bluewhiting/ST19_232-20180512205440140.jpg,348,23,712,117,bluewhiting
/2018/train/source-images/bluewhiting/ST8_70-20180507142947850.jpg,899,261,1087,731,bluewhiting
/2018/train/source-images/bluewhiting/ST19_444-20180512204553671.jpg,557,53,868,175,bluewhiting
/2018/train/source-images/bluewhiting/ST8_2-20180507143928295.jpg,131,490,531,633,bluewhiting
/2018/train/source-images/bluewhiting/ST8_2-20180507143928295.jpg,568,927,1088,1027,bluewhiting
/2018/train/source-images/bluewhiting/ST18_268-20180512094816173.jpg,481,610,876,902,bluewhiting
/2018/train/source-images/bluewhiting/ST1_19-20180503161559566.jpg,380,51,720,183,bluewhiting
/2018/train/source-images/bluewhiting/ST1_19-20180503161559566.jpg,32,13,391,96,bluewhiting
/2018/train/source-images/bluewhiting/ST18_246-20180512094709873.jpg,371,234,754,514,bluewhiting
/2018/train/source-images/bluewhiting/ST19_495-20180512205156278.jpg,368,79,670,260,bluewhiting
/2018/train/source-images/bluewhiting/ST18_156-20180512094925936.jpg,209,28,632,155,bluewhiting
/2018/train/source-images/bluewhiting/ST8_27-20180507142822674.jpg,337,934,725,1027,bluewhiting
/2018/train/source-images/bluewhiting/ST18_299-20180512094925531.jpg,357,39,797,142,bluewhiting
/2018/train/source-images/bluewhiting/ST8_73-20180507150538984.jpg,343,417,706,605,bluewhiting
/2018/train/source-images/bluewhiting/ST1_22-20180503161643761.jpg,138,335,351,437,bluewhiting
/2018/train/source-images/bluewhiting/ST1_22-20180503161643761.jpg,911,15,1228,187,bluewhiting
/2018/train/source-images/bluewhiting/ST8_110-20180507142959394.jpg,795,45,1202,164,bluewhiting
/2018/train/source-images/bluewhiting/ST1_6-20180503153409787.jpg,1,540,360,769,bluewhiting
/2018/train/source-images/bluewhiting/ST1_6-20180503153409787.jpg,781,13,1099,158,bluewhiting
/2018/train/source-images/bluewhiting/ST1_39-20180503153408367.jpg,1,763,195,881,bluewhiting
/2018/train/source-images/bluewhiting/ST1_39-20180503153408367.jpg,411,793,821,913,bluewhiting
/2018/train/source-images/bluewhiting/ST1_39-20180503153408367.jpg,872,619,1228,756,bluewhiting
/2018/train/source-images/bluewhiting/ST8_19-20180507143344362.jpg,331,659,605,912,bluewhiting
/2018/train/source-images/bluewhiting/ST8_3-20180507144615924.jpg,830,458,1115,754,bluewhiting
/2018/train/source-images/bluewhiting/ST8_28-20180507144156948.jpg,571,195,1051,781,bluewhiting
/2018/train/source-images/bluewhiting/ST1_38-20180503154852608.jpg,404,122,763,256,bluewhiting
/2018/train/source-images/bluewhiting/ST2_99-20180504014446155.jpg,585,22,954,192,bluewhiting
/2018/train/source-images/bluewhiting/ST1_43-20180503155435200.jpg,249,17,648,185,bluewhiting
/2018/train/source-images/bluewhiting/ST8_82-20180507143425733.jpg,182,38,832,239,bluewhiting
/2018/train/source-images/bluewhiting/ST18_177-20180512102907327.jpg,390,161,709,517,bluewhiting
/2018/train/source-images/bluewhiting/ST8_123-20180507143431396.jpg,590,294,954,478,bluewhiting
/2018/train/source-images/bluewhiting/ST8_123-20180507143431396.jpg,715,669,1228,984,bluewhiting
/2018/train/source-images/bluewhiting/ST8_123-20180507143431396.jpg,432,43,768,104,bluewhiting
/2018/train/source-images/bluewhiting/ST8_23-20180507144640666.jpg,748,842,1145,989,bluewhiting
/2018/train/source-images/bluewhiting/ST18_490-20180512103123812.jpg,1,242,580,736,bluewhiting
/2018/train/source-images/bluewhiting/ST1_11-20180503153809497.jpg,669,465,893,835,bluewhiting
/2018/train/source-images/bluewhiting/ST1_24-20180503154338252.jpg,793,31,1097,322,bluewhiting
/2018/train/source-images/bluewhiting/ST19_120-20180512210402911.jpg,643,612,878,755,bluewhiting
/2018/train/source-images/bluewhiting/ST8_35-20180507142833001.jpg,110,56,499,233,bluewhiting
/2018/train/source-images/bluewhiting/ST18_496-20180512101748586.jpg,782,135,1197,256,bluewhiting
/2018/train/source-images/bluewhiting/ST8_125-20180507143301150.jpg,221,180,353,554,bluewhiting
/2018/train/source-images/bluewhiting/ST1_1-20180503153915220.jpg,1,417,523,527,bluewhiting
/2018/train/source-images/bluewhiting/ST1_1-20180503153915220.jpg,274,21,593,221,bluewhiting
/2018/train/source-images/bluewhiting/ST8_75-20180507142421294.jpg,538,77,1098,433,bluewhiting
/2018/train/source-images/bluewhiting/ST18_63-20180512101538169.jpg,474,188,794,525,bluewhiting
/2018/train/source-images/bluewhiting/ST19_448-20180512205033941.jpg,273,472,684,794,bluewhiting
/2018/train/source-images/bluewhiting/ST8_61-20180507150059541.jpg,685,259,1062,464,bluewhiting
/2018/train/source-images/bluewhiting/ST8_10-20180507144332264.jpg,845,528,1228,676,bluewhiting
/2018/train/source-images/herring/ST7_52-20180507063322661.jpg,435,671,673,1027,herring
/2018/train/source-images/herring/ST6_59-20180506204414137.jpg,1,951,249,1023,herring
/2018/train/source-images/herring/ST6_59-20180506204414137.jpg,43,477,390,694,herring
/2018/train/source-images/herring/ST6_59-20180506204414137.jpg,660,306,801,643,herring
/2018/train/source-images/herring/ST6_59-20180506204414137.jpg,1,220,446,468,herring
/2018/train/source-images/herring/ST6_59-20180506204414137.jpg,224,144,635,242,herring
/2018/train/source-images/herring/ST6_59-20180506204414137.jpg,461,51,863,156,herring
/2018/train/source-images/herring/ST6_59-20180506204414137.jpg,40,40,430,98,herring
/2018/train/source-images/herring/ST6_59-20180506204414137.jpg,707,59,1041,134,herring
/2018/train/source-images/herring/ST12_74-20180509014534261.jpg,1,372,461,495,herring
/2018/train/source-images/herring/ST12_74-20180509014534261.jpg,547,108,655,545,herring
/2018/train/source-images/herring/ST6_226-20180506204359941.jpg,516,622,1098,811,herring
/2018/train/source-images/herring/ST6_226-20180506204359941.jpg,181,493,596,642,herring
/2018/train/source-images/herring/ST6_226-20180506204359941.jpg,189,170,768,405,herring
/2018/train/source-images/herring/ST6_226-20180506204359941.jpg,685,105,1228,521,herring
/2018/train/source-images/herring/ST6_226-20180506204359941.jpg,1,154,224,322,herring
/2018/train/source-images/herring/ST6_226-20180506204359941.jpg,547,314,651,569,herring
/2018/train/source-images/herring/ST9_278-20180507224619806.jpg,846,275,1132,696,herring
/2018/train/source-images/herring/ST11_519-20180508133932463.jpg,315,87,805,180,herring
/2018/train/source-images/herring/ST11_594-20180508132402826.jpg,693,260,819,758,herring
/2018/train/source-images/herring/ST15_3-20180511050003478.jpg,161,353,1111,734,herring
/2018/train/source-images/herring/ST15_3-20180511050003478.jpg,403,496,1060,812,herring
/2018/train/source-images/herring/ST15_3-20180511050003478.jpg,1,431,231,547,herring
/2018/train/source-images/herring/ST15_3-20180511050003478.jpg,880,32,1228,145,herring
/2018/train/source-images/herring/ST15_3-20180511050003478.jpg,1,36,395,143,herring
/2018/train/source-images/herring/ST15_3-20180511050003478.jpg,1,94,332,187,herring
/2018/train/source-images/herring/ST12_29-20180509015632801.jpg,60,525,819,992,herring
/2018/train/source-images/herring/ST7_8-20180507054257254.jpg,299,125,762,546,herring
/2018/train/source-images/herring/ST18_6-20180512101817368.jpg,489,450,847,844,herring
/2018/train/source-images/herring/ST13_4-20180509093536519.jpg,260,31,755,210,herring
/2018/train/source-images/herring/ST13_4-20180509093536519.jpg,1,36,231,252,herring
/2018/train/source-images/herring/ST13_21-20180509094838112.jpg,496,534,1005,906,herring
/2018/train/source-images/herring/ST11_605-20180508150201244.jpg,401,747,847,1018,herring
/2018/train/source-images/herring/ST9_794-20180507224657137.jpg,518,390,949,633,herring
/2018/train/source-images/herring/ST1_80-20180503160619011.jpg,729,1,1188,210,herring
/2018/train/source-images/herring/ST1_80-20180503160619011.jpg,387,817,438,867,lanternfish
/2018/train/source-images/herring/ST6_455-20180506203246176.jpg,986,358,1109,785,herring
/2018/train/source-images/herring/ST6_455-20180506203246176.jpg,278,51,662,173,herring
/2018/train/source-images/herring/ST6_455-20180506203246176.jpg,482,54,822,103,herring
/2018/train/source-images/herring/ST7_47-20180507060856789.jpg,882,197,991,494,herring
/2018/train/source-images/herring/ST10_70-20180508045353770.jpg,1,450,335,710,herring
/2018/train/source-images/herring/ST10_70-20180508045353770.jpg,309,52,823,255,herring
/2018/train/source-images/herring/ST10_70-20180508045353770.jpg,1,38,381,101,herring
/2018/train/source-images/herring/ST10_29-20180508045515093.jpg,9,46,964,453,herring
/2018/train/source-images/herring/ST10_29-20180508045515093.jpg,1012,557,1228,851,herring
/2018/train/source-images/herring/ST7_64-20180507061104990.jpg,385,133,772,386,herring
/2018/train/source-images/herring/ST7_101-20180507070946337.jpg,815,95,1105,389,herring
/2018/train/source-images/herring/ST10_140-20180508044939256.jpg,661,566,1215,777,herring
/2018/train/source-images/herring/ST10_140-20180508044939256.jpg,1,32,473,163,herring
/2018/train/source-images/herring/ST5_624-20180506111652713.jpg,735,50,1154,176,herring
/2018/train/source-images/herring/ST10_38-20180508044513946.jpg,128,88,893,492,herring
/2018/train/source-images/herring/ST10_38-20180508044513946.jpg,1,692,419,868,herring
/2018/train/source-images/herring/ST12_45-20180509012735223.jpg,503,76,1057,256,herring
/2018/train/source-images/herring/ST12_45-20180509012735223.jpg,1057,196,1228,322,herring
/2018/train/source-images/herring/ST12_6-20180509012933643.jpg,1,629,374,742,herring
/2018/train/source-images/herring/ST12_6-20180509012933643.jpg,71,84,529,254,herring
/2018/train/source-images/herring/ST14_18-20180509210121320.jpg,530,222,956,500,herring
/2018/train/source-images/herring/ST2_11-20180504014749299.jpg,530,29,894,418,herring
/2018/train/source-images/herring/ST9_602-20180507230840987.jpg,715,340,949,768,herring
/2018/train/source-images/herring/ST13_42-20180509095251253.jpg,371,189,990,442,herring
/2018/train/source-images/herring/ST12_70-20180509015817446.jpg,24,689,577,922,herring
/2018/train/source-images/herring/ST6_258-20180506205211966.jpg,326,388,730,515,herring
/2018/train/source-images/herring/ST10_208-20180508045106273.jpg,1,481,432,745,herring
/2018/train/source-images/herring/ST10_208-20180508045106273.jpg,1,32,571,192,herring
/2018/train/source-images/herring/ST10_208-20180508045106273.jpg,699,37,1204,246,herring
/2018/train/source-images/herring/ST10_208-20180508045106273.jpg,665,36,1131,103,herring
/2018/train/source-images/herring/ST10_208-20180508045106273.jpg,1,23,343,89,herring
/2018/train/source-images/herring/ST13_29-20180509090923662.jpg,637,73,1168,248,herring
/2018/train/source-images/herring/ST11_495-20180508143037587.jpg,507,98,1228,317,herring
/2018/train/source-images/herring/ST1_101-20180503154251811.jpg,598,3,1124,275,herring
/2018/train/source-images/herring/ST12_60-20180509012352751.jpg,152,535,937,831,herring
/2018/train/source-images/herring/ST12_60-20180509012352751.jpg,626,51,1071,144,herring
/2018/train/source-images/herring/ST9_732-20180507230841611.jpg,685,167,973,520,herring
/2018/train/source-images/herring/ST1_136-20180503155714820.jpg,856,89,1086,320,herring
/2018/train/source-images/herring/ST16_1-20180511143226833.jpg,35,22,819,398,herring
/2018/train/source-images/herring/ST16_1-20180511143226833.jpg,1007,97,1228,238,herring
/2018/train/source-images/herring/ST17_7-20180512003925809.jpg,1,97,581,400,herring
/2018/train/source-images/herring/ST17_7-20180512003925809.jpg,1,34,520,144,herring
/2018/train/source-images/herring/ST12_52-20180509015441869.jpg,305,14,795,142,herring
/2018/train/source-images/herring/ST7_28-20180507061336872.jpg,769,89,1038,595,herring
/2018/train/source-images/herring/ST10_182-20180508045002172.jpg,1,52,486,280,herring
/2018/train/source-images/herring/ST10_182-20180508045002172.jpg,559,325,744,820,herring
/2018/train/source-images/herring/ST10_182-20180508045002172.jpg,822,48,1228,178,herring
/2018/train/source-images/lanternfish/ST13_68-20180509090127081.jpg,461,745,495,820,lanternfish
/2018/train/source-images/lanternfish/ST13_68-20180509090127081.jpg,734,142,807,219,lanternfish
/2018/train/source-images/lanternfish/ST12_541-20180509011730644.jpg,886,542,1012,577,lanternfish
/2018/train/source-images/lanternfish/ST19_12-20180512210507402.jpg,235,864,327,894,lanternfish
/2018/train/source-images/lanternfish/ST19_12-20180512210507402.jpg,651,302,702,340,lanternfish
/2018/train/source-images/lanternfish/ST19_28-20180512205223453.jpg,616,722,686,794,lanternfish
/2018/train/source-images/lanternfish/ST19_54-20180512205242329.jpg,326,598,449,645,lanternfish
/2018/train/source-images/lanternfish/ST11_186-20180508134710199.jpg,722,653,773,780,lanternfish
/2018/train/source-images/lanternfish/ST19_37-20180512214032968.jpg,70,652,189,745,lanternfish
/2018/train/source-images/lanternfish/ST19_37-20180512214032968.jpg,276,964,523,1026,lanternfish
/2018/train/source-images/lanternfish/ST21_334-20180513155047010.jpg,648,527,836,578,lanternfish
/2018/train/source-images/lanternfish/ST14_111-20180509202812457.jpg,897,85,1012,345,lanternfish
/2018/train/source-images/lanternfish/ST11_71-20180508132812270.jpg,778,286,898,392,lanternfish
/2018/train/source-images/lanternfish/ST19_47-20180512205437909.jpg,90,281,215,331,lanternfish
/2018/train/source-images/lanternfish/ST13_25-20180509091937180.jpg,890,556,957,621,lanternfish
/2018/train/source-images/lanternfish/ST19_55-20180512205426147.jpg,79,370,169,421,lanternfish
/2018/train/source-images/lanternfish/ST19_35-20180512210551409.jpg,163,397,264,435,lanternfish
/2018/train/source-images/lanternfish/ST19_48-20180512204521644.jpg,605,54,669,112,lanternfish
/2018/train/source-images/lanternfish/ST9_53-20180507225007567.jpg,973,845,1034,902,lanternfish
/2018/train/source-images/lanternfish/ST9_53-20180507225007567.jpg,630,563,669,633,lanternfish
/2018/train/source-images/lanternfish/ST18_511-20180512104622436.jpg,694,785,763,881,lanternfish
/2018/train/source-images/lanternfish/ST13_204-20180509090312943.jpg,773,88,813,176,lanternfish
/2018/train/source-images/lanternfish/ST13_204-20180509090312943.jpg,954,444,1021,489,lanternfish
/2018/train/source-images/lanternfish/ST1-53-20180503162415397.jpg,710,580,743,665,lanternfish
/2018/train/source-images/lanternfish/ST13_43-20180509085840177.jpg,438,483,527,515,lanternfish
/2018/train/source-images/lanternfish/ST19_41-20180512214200359.jpg,1,605,204,692,lanternfish
/2018/train/source-images/lanternfish/ST19_41-20180512214200359.jpg,201,523,287,638,lanternfish
/2018/train/source-images/lanternfish/ST19_41-20180512214200359.jpg,631,676,690,762,lanternfish
/2018/train/source-images/lanternfish/ST19_41-20180512214200359.jpg,563,904,594,970,lanternfish
/2018/train/source-images/lanternfish/ST19_41-20180512214200359.jpg,309,669,337,710,lanternfish
/2018/train/source-images/lanternfish/ST19_41-20180512214200359.jpg,39,894,111,935,lanternfish
/2018/train/source-images/lanternfish/ST19_38-20180512210927610.jpg,891,272,974,298,lanternfish
/2018/train/source-images/lanternfish/ST21_065-20180513152724443.jpg,391,952,451,975,lanternfish
/2018/train/source-images/lanternfish/ST14_484-20180509202858898.jpg,1044,927,1174,1001,lanternfish
/2018/train/source-images/lanternfish/ST21_321-20180513153456891.jpg,207,665,241,752,lanternfish
/2018/train/source-images/lanternfish/ST19_56-20180512213954436.jpg,155,713,256,770,lanternfish
/2018/train/source-images/lanternfish/ST19_56-20180512213954436.jpg,416,711,488,763,lanternfish
/2018/train/source-images/lanternfish/ST19_56-20180512213954436.jpg,351,821,398,853,lanternfish
/2018/train/source-images/lanternfish/ST21_151-20180513153001021.jpg,745,468,821,696,lanternfish
/2018/train/source-images/lanternfish/ST21_151-20180513153001021.jpg,326,147,391,177,lanternfish
/2018/train/source-images/lanternfish/ST13_148-20180509090154662.jpg,782,628,856,796,lanternfish
/2018/train/source-images/lanternfish/ST13_217-20180509090057675.jpg,305,622,380,669,lanternfish
/2018/train/source-images/lanternfish/ST13_217-20180509090057675.jpg,915,43,995,77,lanternfish
/2018/train/source-images/lanternfish/ST19_36-20180512211632259.jpg,72,472,109,573,lanternfish
/2018/train/source-images/lanternfish/ST19_10-20180512213532012.jpg,720,665,747,728,lanternfish
/2018/train/source-images/lanternfish/ST19_10-20180512213532012.jpg,873,502,938,531,lanternfish
/2018/train/source-images/lanternfish/ST19_10-20180512213532012.jpg,148,245,187,315,lanternfish
/2018/train/source-images/lanternfish/ST19_10-20180512213532012.jpg,494,310,530,346,lanternfish
/2018/train/source-images/lanternfish/ST13_70-20180509084807049.jpg,1113,765,1222,813,lanternfish
/2018/train/source-images/lanternfish/ST19_4-20180512204918296.jpg,647,295,766,412,lanternfish
/2018/train/source-images/lanternfish/ST11_32-20180508133312821.jpg,110,772,391,977,lanternfish
/2018/train/source-images/lanternfish/ST19_32-20180512212020003.jpg,274,958,374,1011,lanternfish
/2018/train/source-images/lanternfish/ST19_32-20180512212020003.jpg,646,285,749,310,lanternfish
/2018/train/source-images/lanternfish/ST21_103-20180513155319313.jpg,205,278,289,339,lanternfish
/2018/train/source-images/lanternfish/ST21_103-20180513155319313.jpg,144,113,230,161,lanternfish
/2018/train/source-images/lanternfish/ST19_42-20180512210239763.jpg,938,829,982,876,lanternfish
/2018/train/source-images/lanternfish/ST21_72-20180513153749068.jpg,440,606,516,790,lanternfish
/2018/train/source-images/lanternfish/ST17_425-20180512002534717.jpg,335,786,370,853,lanternfish
/2018/train/source-images/lanternfish/ST13_221-20180509085814421.jpg,1020,98,1132,195,lanternfish
